{
    "confidence_score": 0.6823632121086121,
    "ptm": 0.653194785118103,
    "iptm": 0.0,
    "ligand_iptm": 0.0,
    "protein_iptm": 0.0,
    "complex_plddt": 0.6896553635597229,
    "complex_iplddt": 0.6896553635597229,
    "complex_pde": 1.5129505395889282,
    "complex_ipde": 0.0,
    "chains_ptm": {
        "0": 0.653194785118103
    },
    "pair_chains_iptm": {
        "0": {
            "0": 0.653194785118103
        }
    }
}