{
 "HsOb_n_total": 5664,
 "frac_paired_pass_rate": 0.9496822033898306,
 "frac_paired_mean": 0.7015137005649718,
 "mfe_per_nt_mean": -0.3424788180038117,
 "by_clade": {
  "O1": {
   "n": 42,
   "fp_pass_rate": 0.9285714285714286
  },
  "O2": {
   "n": 41,
   "fp_pass_rate": 1.0
  },
  "O3": {
   "n": 42,
   "fp_pass_rate": 1.0
  },
  "O4": {
   "n": 13,
   "fp_pass_rate": 0.8461538461538461
  },
  "O5": {
   "n": 9,
   "fp_pass_rate": 1.0
  },
  "O6": {
   "n": 87,
   "fp_pass_rate": 0.9655172413793104
  },
  "O7": {
   "n": 306,
   "fp_pass_rate": 0.9967320261437909
  },
  "O8": {
   "n": 18,
   "fp_pass_rate": 1.0
  },
  "O9": {
   "n": 3,
   "fp_pass_rate": 0.3333333333333333
  },
  "O10": {
   "n": 53,
   "fp_pass_rate": 1.0
  },
  "O11": {
   "n": 1413,
   "fp_pass_rate": 0.9879688605803255
  },
  "O12": {
   "n": 8,
   "fp_pass_rate": 1.0
  },
  "O13": {
   "n": 1120,
   "fp_pass_rate": 0.925
  },
  "O14": {
   "n": 403,
   "fp_pass_rate": 0.9305210918114144
  },
  "O15": {
   "n": 118,
   "fp_pass_rate": 0.9915254237288136
  },
  "O16": {
   "n": 11,
   "fp_pass_rate": 1.0
  },
  "O17": {
   "n": 126,
   "fp_pass_rate": 0.9761904761904762
  },
  "O18": {
   "n": 1283,
   "fp_pass_rate": 0.9173811379579111
  },
  "C1": {
   "n": 80,
   "fp_pass_rate": 0.9375
  },
  "C2": {
   "n": 450,
   "fp_pass_rate": 0.9333333333333333
  },
  "C3": {
   "n": 38,
   "fp_pass_rate": 1.0
  }
 },
 "comparison_to_Zheludev": {
  "frac_paired_zheludev_mean": 0.7079663306264795,
  "frac_paired_hsob_mean": 0.7015137005649718
 }
}