{
  "tool": "phylo_oblin1",
  "n_leaves_in_tree": 1744,
  "n_leaves_mapped_to_BRRC": 1744,
  "overall_BRRC_pass_pct_at_leaves": 85.26,
  "n_internal_nodes_with_>=5_leaves": 736,
  "per_clade_distribution": {
    "clades_with_>=10_leaves": {
      "n_clades": 394,
      "median_pass_pct": 88.23529411764706,
      "min_pass_pct": 27.272727272727273,
      "max_pass_pct": 100.0,
      "iqr_pass_pct": [
        81.81818181818181,
        93.81421232876713
      ]
    },
    "clades_with_>=50_leaves": {
      "n_clades": 80,
      "median_pass_pct": 87.55952380952381,
      "min_pass_pct": 71.42857142857143,
      "max_pass_pct": 100.0,
      "iqr_pass_pct": [
        84.43605366286221,
        90.97488957173036
      ]
    },
    "clades_with_>=100_leaves": {
      "n_clades": 47,
      "median_pass_pct": 85.71428571428571,
      "min_pass_pct": 81.12094395280236,
      "max_pass_pct": 94.78260869565217,
      "iqr_pass_pct": [
        84.64340198321892,
        90.80255181164529
      ]
    },
    "clades_with_>=500_leaves": {
      "n_clades": 7,
      "median_pass_pct": 84.64912280701755,
      "min_pass_pct": 84.25584255842558,
      "max_pass_pct": 89.02027027027027,
      "iqr_pass_pct": [
        84.56690259521403,
        84.99605107168358
      ]
    },
    "clades_with_>=1000_leaves": {
      "n_clades": 1,
      "median_pass_pct": 85.2637614678899,
      "min_pass_pct": 85.2637614678899,
      "max_pass_pct": 85.2637614678899,
      "iqr_pass_pct": [
        85.2637614678899,
        85.2637614678899
      ]
    }
  },
  "obs_clade_var": 218.36,
  "perm_null_var_mean": 126.09,
  "perm_null_var_std": 14.83,
  "perm_null_var_samples": [
    129.8094,
    122.8164,
    133.4508,
    115.8824,
    132.8889,
    118.1307,
    115.451,
    136.4715,
    146.4054,
    134.7673,
    114.4477,
    109.0728,
    136.2193,
    109.0202,
    101.4755,
    131.3917,
    128.0346,
    147.4371,
    132.2408,
    151.2161,
    99.8193,
    129.6159,
    111.7481,
    141.7724,
    116.0222,
    148.9667,
    140.7296,
    139.4871,
    122.1387,
    109.1748,
    103.7195,
    135.9715,
    150.7337,
    135.9043,
    115.2094,
    113.992,
    116.6132,
    127.7076,
    98.3261,
    109.6599,
    119.7792,
    114.6448,
    109.9388,
    109.6541,
    124.6482,
    131.3502,
    131.4495,
    128.1615,
    127.0353,
    155.8956,
    116.3746,
    152.8619,
    127.7592,
    94.5967,
    147.8619,
    123.5382,
    106.8313,
    117.6579,
    169.5342,
    106.2459,
    115.9649,
    102.7254,
    152.0614,
    125.1517,
    109.5683,
    114.0109,
    131.5866,
    137.2367,
    133.482,
    141.9668,
    132.7546,
    118.2485,
    122.8036,
    139.6833,
    126.1499,
    127.626,
    125.4527,
    142.352,
    156.1262,
    128.0272,
    121.3384,
    117.4026,
    113.7599,
    137.7072,
    116.3724,
    111.0957,
    125.1418,
    109.6826,
    131.0473,
    120.8657,
    105.7834,
    133.029,
    119.9959,
    120.2498,
    121.1629,
    124.8958,
    123.8573,
    123.4425,
    128.4835,
    139.9302,
    142.8905,
    110.9028,
    151.4598,
    146.3426,
    154.3964,
    117.39,
    143.9756,
    109.6758,
    140.0604,
    123.9988,
    111.4517,
    113.9445,
    116.5917,
    134.3642,
    132.6041,
    121.4294,
    135.7957,
    189.0084,
    115.1314,
    106.1153,
    139.6453,
    95.7694,
    121.131,
    111.5157,
    120.9257,
    121.0474,
    127.933,
    113.3974,
    113.586,
    145.7012,
    115.2347,
    128.974,
    98.0786,
    142.6324,
    147.6129,
    116.2536,
    112.9479,
    119.9814,
    136.6765,
    134.7958,
    123.2727,
    138.5808,
    127.5197,
    105.4868,
    140.1472,
    160.3881,
    134.2229,
    146.9748,
    144.4866,
    106.6057,
    130.8887,
    114.22,
    134.4445,
    119.5654,
    127.6415,
    108.1998,
    127.4488,
    118.8832,
    116.8152,
    122.3574,
    134.3439,
    134.0854,
    129.5437,
    109.9799,
    112.145,
    115.1368,
    130.23,
    128.7214,
    127.6144,
    117.5132,
    151.3027,
    138.3691,
    124.7461,
    117.1765,
    154.607,
    128.2154,
    116.7818,
    109.7326,
    128.3159,
    130.0091,
    153.9631,
    136.1866,
    110.7116,
    109.4146,
    140.9571,
    118.5522,
    116.2368,
    130.2537,
    121.6286,
    115.2085,
    122.0496,
    139.25,
    135.5661,
    141.6964,
    122.4074,
    123.281,
    117.5479,
    94.8182,
    115.6961,
    126.627
  ],
  "permutation_p_value_obs_>=_null": 0.0
}