{
    "confidence_score": 0.3872084617614746,
    "ptm": 0.4662456214427948,
    "iptm": 0.14016886055469513,
    "ligand_iptm": 0.0,
    "protein_iptm": 0.0,
    "complex_plddt": 0.4489683508872986,
    "complex_iplddt": 0.40864819288253784,
    "complex_pde": 2.2820258140563965,
    "complex_ipde": 13.758576393127441,
    "chains_ptm": {
        "0": 0.6253523230552673,
        "1": 0.31957823038101196
    },
    "pair_chains_iptm": {
        "0": {
            "0": 0.6253523230552673,
            "1": 0.14016886055469513
        },
        "1": {
            "0": 0.10913939028978348,
            "1": 0.31957823038101196
        }
    }
}